CHR,POS,REF,ALT,MaskName
19,11132223,C,G,LDLR_mask1
19,11132241,C,G,LDLR_mask1
19,11132257,G,A,LDLR_mask1
19,11132282,G,A,LDLR_mask1
19,11132294,C,T,LDLR_mask1
19,11132301,C,A,LDLR_mask1
19,11132326,C,T,LDLR_mask1
19,11132402,G,A,LDLR_mask1
19,11132426,T,C,LDLR_mask1
19,11132428,C,T,LDLR_mask1
19,11132664,C,T,LDLR_mask1
19,11132672,C,T,LDLR_mask1
19,11132701,C,T,LDLR_mask1
19,11132717,C,T,LDLR_mask1
19,11132733,A,C,LDLR_mask1
19,11132791,G,A,LDLR_mask1
19,11132793,G,A,LDLR_mask1
19,11132819,T,G,LDLR_mask1
19,11132838,G,C,LDLR_mask1
19,11132866,A,T,LDLR_mask1
19,11133103,A,G,LDLR_mask1
19,11133109,A,C,LDLR_mask1
19,11133114,C,T,LDLR_mask1
19,11133134,T,G,LDLR_mask1
19,11133152,G,A,LDLR_mask1
19,11132188,T,C,LDLR_mask1
19,11132220,G,A,LDLR_mask1
19,11132242,G,A,LDLR_mask1
19,11132301,C,G,LDLR_mask1
19,11132310,C,T,LDLR_mask1
19,11132356,A,T,LDLR_mask1
19,11132407,T,C,LDLR_mask1
19,11132430,C,G,LDLR_mask1
19,11132444,G,A,LDLR_mask1
19,11132449,G,C,LDLR_mask1
19,11132662,G,A,LDLR_mask1
19,11132673,G,A,LDLR_mask1
19,11132685,C,T,LDLR_mask1
19,11132702,G,A,LDLR_mask1
19,11132709,C,T,LDLR_mask1
19,11132710,G,A,LDLR_mask1
19,11132736,A,C,LDLR_mask1
19,11132745,C,A,LDLR_mask1
19,11132771,G,A,LDLR_mask1
19,11132790,C,T,LDLR_mask1
19,11132807,G,A,LDLR_mask1
19,11132877,C,T,LDLR_mask1
19,11132921,A,G,LDLR_mask1
19,11132935,T,A,LDLR_mask1
19,11132936,G,A,LDLR_mask1
19,11132946,C,T,LDLR_mask1
19,11132985,T,C,LDLR_mask1
19,11133019,C,G,LDLR_mask1
19,11133022,C,G,LDLR_mask1
19,11133032,A,G,LDLR_mask1
19,11133100,G,C,LDLR_mask1
19,11133122,A,G,LDLR_mask1
19,11133126,G,A,LDLR_mask1
19,11088409,T,G,LDLR_mask2
19,11088443,C,A,LDLR_mask2
19,11088475,G,A,LDLR_mask2
19,11088485,C,T,LDLR_mask2
19,11088646,C,T,LDLR_mask2
19,11088659,T,C,LDLR_mask2
19,11088718,T,C,LDLR_mask2
19,11088750,G,A,LDLR_mask2
19,11088793,A,G,LDLR_mask2
19,11088801,G,T,LDLR_mask2
19,11088810,C,T,LDLR_mask2
19,11088820,G,A,LDLR_mask2
19,11088964,T,A,LDLR_mask2
19,11089032,T,C,LDLR_mask2
19,11089042,C,T,LDLR_mask2
19,11089056,A,G,LDLR_mask2
19,11089191,G,C,LDLR_mask2
19,11089194,C,T,LDLR_mask2
19,11089332,C,T,LDLR_mask2
19,11089358,C,A,LDLR_mask2
19,11088421,A,T,LDLR_mask2
19,11088520,G,T,LDLR_mask2
19,11088546,C,T,LDLR_mask2
19,11088548,C,T,LDLR_mask2
19,11088559,C,T,LDLR_mask2
19,11088596,G,C,LDLR_mask2
19,11088747,A,T,LDLR_mask2
19,11088749,C,T,LDLR_mask2
19,11088750,G,T,LDLR_mask2
19,11088770,C,T,LDLR_mask2
19,11088801,G,A,LDLR_mask2
19,11088839,T,C,LDLR_mask2
19,11089007,A,G,LDLR_mask2
19,11089227,C,G,LDLR_mask2
19,11089387,G,C,LDLR_mask3
19,11089461,G,A,LDLR_mask3
19,11089465,G,A,LDLR_mask3
19,11089501,A,G,LDLR_mask3
19,11089503,C,A,LDLR_mask3
19,11131526,G,A,LDLR_mask3
19,11131528,G,T,LDLR_mask3
19,11131537,C,A,LDLR_mask3
19,11131539,G,A,LDLR_mask3
19,11131562,A,G,LDLR_mask3
19,11131627,A,G,LDLR_mask3
19,11131636,G,A,LDLR_mask3
19,11131654,G,A,LDLR_mask3
19,11131676,C,T,LDLR_mask3
19,11131706,C,T,LDLR_mask3
19,11131768,T,C,LDLR_mask3
19,11131833,C,A,LDLR_mask3
19,11131864,C,T,LDLR_mask3
19,11131912,T,A,LDLR_mask3
19,11131969,G,C,LDLR_mask3
19,11132011,G,A,LDLR_mask3
19,11132033,G,A,LDLR_mask3
19,11132138,C,G,LDLR_mask3
19,11089396,C,T,LDLR_mask3
19,11089434,T,G,LDLR_mask3
19,11089469,T,C,LDLR_mask3
19,11089495,G,A,LDLR_mask3
19,11089536,A,G,LDLR_mask3
19,11131538,C,T,LDLR_mask3
19,11131561,C,T,LDLR_mask3
19,11131641,C,G,LDLR_mask3
19,11131693,G,A,LDLR_mask3
19,11131763,A,G,LDLR_mask3
19,11131808,C,T,LDLR_mask3
19,11131819,C,T,LDLR_mask3
19,11131890,C,T,LDLR_mask3
19,11131894,G,A,LDLR_mask3
19,11131900,G,T,LDLR_mask3
19,11131901,A,G,LDLR_mask3
19,11131915,G,A,LDLR_mask3
19,11131926,G,A,LDLR_mask3
19,11132018,C,T,LDLR_mask3
19,11132020,G,A,LDLR_mask3
19,11132032,C,A,LDLR_mask3
19,11132048,C,T,LDLR_mask3
19,11132057,G,A,LDLR_mask3
19,11132091,C,T,LDLR_mask3
19,11132096,C,T,LDLR_mask3
19,11132124,T,G,LDLR_mask3
19,11132132,C,T,LDLR_mask3
19,11088646,C,T,LDLR_mask4
19,11088659,T,C,LDLR_mask4
19,11089332,C,T,LDLR_mask4
19,11089358,C,A,LDLR_mask4
19,11089387,G,C,LDLR_mask4
19,11089461,G,A,LDLR_mask4
19,11089465,G,A,LDLR_mask4
19,11089501,A,G,LDLR_mask4
19,11089503,C,A,LDLR_mask4
19,11090183,G,A,LDLR_mask4
19,11090314,C,T,LDLR_mask4
19,11090372,G,A,LDLR_mask4
19,11090381,G,A,LDLR_mask4
19,11090527,G,C,LDLR_mask4
19,11090528,G,T,LDLR_mask4
19,11090583,G,A,LDLR_mask4
19,11090609,T,C,LDLR_mask4
19,11090727,G,C,LDLR_mask4
19,11090884,C,T,LDLR_mask4
19,11091189,T,C,LDLR_mask4
19,11091193,G,A,LDLR_mask4
19,11091689,C,A,LDLR_mask4
19,11091705,A,C,LDLR_mask4
19,11091810,C,T,LDLR_mask4
19,11091844,A,G,LDLR_mask4
19,11091892,C,T,LDLR_mask4
19,11091893,G,T,LDLR_mask4
19,11091899,C,G,LDLR_mask4
19,11091941,C,A,LDLR_mask4
19,11092414,T,A,LDLR_mask4
19,11110720,G,A,LDLR_mask4
19,11113288,C,T,LDLR_mask4
19,11113691,C,T,LDLR_mask4
19,11113692,G,A,LDLR_mask4
19,11113722,G,A,LDLR_mask4
19,11116172,G,T,LDLR_mask4
19,11089396,C,T,LDLR_mask4
19,11089434,T,G,LDLR_mask4
19,11089469,T,C,LDLR_mask4
19,11089495,G,A,LDLR_mask4
19,11089536,A,G,LDLR_mask4
19,11090175,C,G,LDLR_mask4
19,11090179,G,A,LDLR_mask4
19,11090327,C,T,LDLR_mask4
19,11090328,G,T,LDLR_mask4
19,11090375,C,G,LDLR_mask4
19,11090379,G,A,LDLR_mask4
19,11090518,G,T,LDLR_mask4
19,11090527,G,A,LDLR_mask4
19,11090540,A,C,LDLR_mask4
19,11090543,G,C,LDLR_mask4
19,11090580,T,C,LDLR_mask4
19,11090613,G,T,LDLR_mask4
19,11090629,T,C,LDLR_mask4
19,11090632,C,T,LDLR_mask4
19,11090635,A,G,LDLR_mask4
19,11090637,A,T,LDLR_mask4
19,11090935,C,G,LDLR_mask4
19,11091195,T,C,LDLR_mask4
19,11091554,C,A,LDLR_mask4
19,11091691,C,T,LDLR_mask4
19,11091770,C,T,LDLR_mask4
19,11091773,G,T,LDLR_mask4
19,11091790,T,A,LDLR_mask4
19,11091810,C,G,LDLR_mask4
19,11091819,T,C,LDLR_mask4
19,11110704,C,T,LDLR_mask4
19,11110714,G,A,LDLR_mask4
19,11110719,C,T,LDLR_mask4
19,11111572,T,C,LDLR_mask4
19,11113285,C,T,LDLR_mask4
19,11113329,C,T,LDLR_mask4
19,11113345,G,A,LDLR_mask4
19,11113639,T,C,LDLR_mask4
19,11113667,T,C,LDLR_mask4
19,11113679,G,A,LDLR_mask4
19,11113706,G,A,LDLR_mask4
19,11113721,C,T,LDLR_mask4
19,11116069,C,T,LDLR_mask4
19,11116099,T,C,LDLR_mask4
19,11116160,C,T,LDLR_mask4
19,11088409,T,G,LDLR_mask5
19,11088443,C,A,LDLR_mask5
19,11088475,G,A,LDLR_mask5
19,11088485,C,T,LDLR_mask5
19,11088646,C,T,LDLR_mask5
19,11088659,T,C,LDLR_mask5
19,11088718,T,C,LDLR_mask5
19,11089191,G,C,LDLR_mask5
19,11089194,C,T,LDLR_mask5
19,11089332,C,T,LDLR_mask5
19,11089358,C,A,LDLR_mask5
19,11089387,G,C,LDLR_mask5
19,11089461,G,A,LDLR_mask5
19,11089465,G,A,LDLR_mask5
19,11089501,A,G,LDLR_mask5
19,11089503,C,A,LDLR_mask5
19,11089552,G,C,LDLR_mask5
19,11089832,G,A,LDLR_mask5
19,11089838,C,T,LDLR_mask5
19,11089885,C,T,LDLR_mask5
19,11089903,C,T,LDLR_mask5
19,11089963,A,G,LDLR_mask5
19,11089973,C,G,LDLR_mask5
19,11090117,C,T,LDLR_mask5
19,11090128,G,A,LDLR_mask5
19,11090163,T,A,LDLR_mask5
19,11090164,C,A,LDLR_mask5
19,11090168,C,A,LDLR_mask5
19,11090183,G,A,LDLR_mask5
19,11090293,C,T,LDLR_mask5
19,11090314,C,T,LDLR_mask5
19,11090372,G,A,LDLR_mask5
19,11090381,G,A,LDLR_mask5
19,11090411,C,T,LDLR_mask5
19,11090527,G,C,LDLR_mask5
19,11090528,G,T,LDLR_mask5
19,11090583,G,A,LDLR_mask5
19,11090609,T,C,LDLR_mask5
19,11090884,C,T,LDLR_mask5
19,11091124,C,T,LDLR_mask5
19,11091189,T,C,LDLR_mask5
19,11091193,G,A,LDLR_mask5
19,11091204,G,A,LDLR_mask5
19,11091474,C,T,LDLR_mask5
19,11091689,C,A,LDLR_mask5
19,11091705,A,C,LDLR_mask5
19,11091709,G,A,LDLR_mask5
19,11091810,C,T,LDLR_mask5
19,11091844,A,G,LDLR_mask5
19,11091892,C,T,LDLR_mask5
19,11091893,G,T,LDLR_mask5
19,11091899,C,G,LDLR_mask5
19,11091941,C,A,LDLR_mask5
19,11091984,G,A,LDLR_mask5
19,11092242,G,A,LDLR_mask5
19,11092328,G,C,LDLR_mask5
19,11092352,G,T,LDLR_mask5
19,11092377,A,G,LDLR_mask5
19,11092377,A,T,LDLR_mask5
19,11092414,T,A,LDLR_mask5
19,11092435,T,C,LDLR_mask5
19,11111892,G,A,LDLR_mask5
19,11111994,G,A,LDLR_mask5
19,11112029,T,C,LDLR_mask5
19,11112067,G,T,LDLR_mask5
19,11114093,G,A,LDLR_mask5
19,11114138,G,T,LDLR_mask5
19,11114257,G,A,LDLR_mask5
19,11114343,G,A,LDLR_mask5
19,11115157,G,A,LDLR_mask5
19,11115158,C,G,LDLR_mask5
19,11115169,T,C,LDLR_mask5
19,11115175,G,T,LDLR_mask5
19,11115222,G,A,LDLR_mask5
19,11088421,A,T,LDLR_mask5
19,11088520,G,T,LDLR_mask5
19,11088546,C,T,LDLR_mask5
19,11088548,C,T,LDLR_mask5
19,11088559,C,T,LDLR_mask5
19,11088596,G,C,LDLR_mask5
19,11089227,C,G,LDLR_mask5
19,11089396,C,T,LDLR_mask5
19,11089434,T,G,LDLR_mask5
19,11089469,T,C,LDLR_mask5
19,11089495,G,A,LDLR_mask5
19,11089536,A,G,LDLR_mask5
19,11089837,G,C,LDLR_mask5
19,11089865,G,T,LDLR_mask5
19,11089881,G,A,LDLR_mask5
19,11089927,A,G,LDLR_mask5
19,11090094,C,G,LDLR_mask5
19,11090103,T,C,LDLR_mask5
19,11090146,C,T,LDLR_mask5
19,11090162,T,G,LDLR_mask5
19,11090175,C,G,LDLR_mask5
19,11090179,G,A,LDLR_mask5
19,11090220,C,T,LDLR_mask5
19,11090223,C,T,LDLR_mask5
19,11090263,G,A,LDLR_mask5
19,11090327,C,T,LDLR_mask5
19,11090328,G,T,LDLR_mask5
19,11090375,C,G,LDLR_mask5
19,11090379,G,A,LDLR_mask5
19,11090469,A,T,LDLR_mask5
19,11090503,G,A,LDLR_mask5
19,11090518,G,T,LDLR_mask5
19,11090527,G,A,LDLR_mask5
19,11090540,A,C,LDLR_mask5
19,11090543,G,C,LDLR_mask5
19,11090580,T,C,LDLR_mask5
19,11090613,G,T,LDLR_mask5
19,11090629,T,C,LDLR_mask5
19,11090632,C,T,LDLR_mask5
19,11090635,A,G,LDLR_mask5
19,11090637,A,T,LDLR_mask5
19,11090684,C,A,LDLR_mask5
19,11090800,C,T,LDLR_mask5
19,11090827,C,A,LDLR_mask5
19,11090852,C,T,LDLR_mask5
19,11090935,C,G,LDLR_mask5
19,11090937,C,T,LDLR_mask5
19,11091076,C,T,LDLR_mask5
19,11091159,T,C,LDLR_mask5
19,11091195,T,C,LDLR_mask5
19,11091234,T,A,LDLR_mask5
19,11091525,C,G,LDLR_mask5
19,11091554,C,A,LDLR_mask5
19,11091608,C,A,LDLR_mask5
19,11091691,C,T,LDLR_mask5
19,11091710,A,G,LDLR_mask5
19,11091732,G,T,LDLR_mask5
19,11091763,C,T,LDLR_mask5
19,11091770,C,T,LDLR_mask5
19,11091773,G,T,LDLR_mask5
19,11091790,T,A,LDLR_mask5
19,11091810,C,G,LDLR_mask5
19,11091819,T,C,LDLR_mask5
19,11091856,A,G,LDLR_mask5
19,11091876,T,C,LDLR_mask5
19,11091995,G,C,LDLR_mask5
19,11092249,G,T,LDLR_mask5
19,11092327,C,T,LDLR_mask5
19,11092443,T,C,LDLR_mask5
19,11111881,G,T,LDLR_mask5
19,11111891,C,T,LDLR_mask5
19,11111893,G,A,LDLR_mask5
19,11112003,G,A,LDLR_mask5
19,11114096,A,T,LDLR_mask5
19,11114160,G,T,LDLR_mask5
19,11114177,T,C,LDLR_mask5
19,11114254,C,G,LDLR_mask5
19,11114318,A,G,LDLR_mask5
19,11114355,G,A,LDLR_mask5
19,11115268,G,C,LDLR_mask5
19,11088646,C,T,LDLR_mask6
19,11088659,T,C,LDLR_mask6
19,11089332,C,T,LDLR_mask6
19,11089358,C,A,LDLR_mask6
19,11089387,G,C,LDLR_mask6
19,11089461,G,A,LDLR_mask6
19,11089465,G,A,LDLR_mask6
19,11089501,A,G,LDLR_mask6
19,11089503,C,A,LDLR_mask6
19,11090183,G,A,LDLR_mask6
19,11090314,C,T,LDLR_mask6
19,11090372,G,A,LDLR_mask6
19,11090381,G,A,LDLR_mask6
19,11090527,G,C,LDLR_mask6
19,11090528,G,T,LDLR_mask6
19,11090583,G,A,LDLR_mask6
19,11090609,T,C,LDLR_mask6
19,11090727,G,C,LDLR_mask6
19,11090884,C,T,LDLR_mask6
19,11091189,T,C,LDLR_mask6
19,11091193,G,A,LDLR_mask6
19,11091689,C,A,LDLR_mask6
19,11091705,A,C,LDLR_mask6
19,11091810,C,T,LDLR_mask6
19,11091844,A,G,LDLR_mask6
19,11091892,C,T,LDLR_mask6
19,11091893,G,T,LDLR_mask6
19,11091899,C,G,LDLR_mask6
19,11091941,C,A,LDLR_mask6
19,11092414,T,A,LDLR_mask6
19,11092890,G,A,LDLR_mask6
19,11092895,C,T,LDLR_mask6
19,11092925,A,T,LDLR_mask6
19,11092976,C,T,LDLR_mask6
19,11093128,G,A,LDLR_mask6
19,11095078,C,T,LDLR_mask6
19,11095218,C,T,LDLR_mask6
19,11095243,A,G,LDLR_mask6
19,11095808,A,G,LDLR_mask6
19,11096285,C,T,LDLR_mask6
19,11096444,C,G,LDLR_mask6
19,11096470,G,A,LDLR_mask6
19,11099861,A,C,LDLR_mask6
19,11100302,C,T,LDLR_mask6
19,11100303,G,A,LDLR_mask6
19,11100303,G,T,LDLR_mask6
19,11100308,G,C,LDLR_mask6
19,11102740,C,T,LDLR_mask6
19,11103247,C,T,LDLR_mask6
19,11089396,C,T,LDLR_mask6
19,11089434,T,G,LDLR_mask6
19,11089469,T,C,LDLR_mask6
19,11089495,G,A,LDLR_mask6
19,11089536,A,G,LDLR_mask6
19,11090175,C,G,LDLR_mask6
19,11090179,G,A,LDLR_mask6
19,11090327,C,T,LDLR_mask6
19,11090328,G,T,LDLR_mask6
19,11090375,C,G,LDLR_mask6
19,11090379,G,A,LDLR_mask6
19,11090518,G,T,LDLR_mask6
19,11090527,G,A,LDLR_mask6
19,11090540,A,C,LDLR_mask6
19,11090543,G,C,LDLR_mask6
19,11090580,T,C,LDLR_mask6
19,11090613,G,T,LDLR_mask6
19,11090629,T,C,LDLR_mask6
19,11090632,C,T,LDLR_mask6
19,11090635,A,G,LDLR_mask6
19,11090637,A,T,LDLR_mask6
19,11090935,C,G,LDLR_mask6
19,11091195,T,C,LDLR_mask6
19,11091554,C,A,LDLR_mask6
19,11091691,C,T,LDLR_mask6
19,11091770,C,T,LDLR_mask6
19,11091773,G,T,LDLR_mask6
19,11091790,T,A,LDLR_mask6
19,11091810,C,G,LDLR_mask6
19,11091819,T,C,LDLR_mask6
19,11092889,C,G,LDLR_mask6
19,11092895,C,G,LDLR_mask6
19,11092912,G,A,LDLR_mask6
19,11092925,A,G,LDLR_mask6
19,11092984,T,C,LDLR_mask6
19,11092985,C,T,LDLR_mask6
19,11092986,G,A,LDLR_mask6
19,11093506,C,T,LDLR_mask6
19,11094100,A,C,LDLR_mask6
19,11094419,A,T,LDLR_mask6
19,11095012,C,T,LDLR_mask6
19,11095047,T,C,LDLR_mask6
19,11095119,G,A,LDLR_mask6
19,11095124,C,T,LDLR_mask6
19,11095125,G,A,LDLR_mask6
19,11095799,G,A,LDLR_mask6
19,11096458,C,A,LDLR_mask6
19,11100237,G,A,LDLR_mask6
19,11087983,C,T,LDLR_mask7
19,11088000,G,A,LDLR_mask7
19,11088079,T,G,LDLR_mask7
19,11088084,G,A,LDLR_mask7
19,11088112,T,C,LDLR_mask7
19,11088123,T,A,LDLR_mask7
19,11088409,T,G,LDLR_mask7
19,11088443,C,A,LDLR_mask7
19,11088475,G,A,LDLR_mask7
19,11088485,C,T,LDLR_mask7
19,11088646,C,T,LDLR_mask7
19,11088659,T,C,LDLR_mask7
19,11088718,T,C,LDLR_mask7
19,11089191,G,C,LDLR_mask7
19,11089194,C,T,LDLR_mask7
19,11089332,C,T,LDLR_mask7
19,11089358,C,A,LDLR_mask7
19,11089387,G,C,LDLR_mask7
19,11089461,G,A,LDLR_mask7
19,11089465,G,A,LDLR_mask7
19,11089501,A,G,LDLR_mask7
19,11089503,C,A,LDLR_mask7
19,11089552,G,C,LDLR_mask7
19,11089832,G,A,LDLR_mask7
19,11089838,C,T,LDLR_mask7
19,11089885,C,T,LDLR_mask7
19,11089903,C,T,LDLR_mask7
19,11089963,A,G,LDLR_mask7
19,11089973,C,G,LDLR_mask7
19,11090117,C,T,LDLR_mask7
19,11090128,G,A,LDLR_mask7
19,11090163,T,A,LDLR_mask7
19,11090164,C,A,LDLR_mask7
19,11090168,C,A,LDLR_mask7
19,11090183,G,A,LDLR_mask7
19,11090293,C,T,LDLR_mask7
19,11090314,C,T,LDLR_mask7
19,11090372,G,A,LDLR_mask7
19,11090381,G,A,LDLR_mask7
19,11090411,C,T,LDLR_mask7
19,11090527,G,C,LDLR_mask7
19,11090528,G,T,LDLR_mask7
19,11090583,G,A,LDLR_mask7
19,11090609,T,C,LDLR_mask7
19,11090884,C,T,LDLR_mask7
19,11091124,C,T,LDLR_mask7
19,11091189,T,C,LDLR_mask7
19,11091193,G,A,LDLR_mask7
19,11091204,G,A,LDLR_mask7
19,11091474,C,T,LDLR_mask7
19,11091689,C,A,LDLR_mask7
19,11091705,A,C,LDLR_mask7
19,11091709,G,A,LDLR_mask7
19,11091810,C,T,LDLR_mask7
19,11091844,A,G,LDLR_mask7
19,11091892,C,T,LDLR_mask7
19,11091893,G,T,LDLR_mask7
19,11091899,C,G,LDLR_mask7
19,11091941,C,A,LDLR_mask7
19,11091984,G,A,LDLR_mask7
19,11092242,G,A,LDLR_mask7
19,11092328,G,C,LDLR_mask7
19,11092352,G,T,LDLR_mask7
19,11092377,A,G,LDLR_mask7
19,11092377,A,T,LDLR_mask7
19,11092414,T,A,LDLR_mask7
19,11092435,T,C,LDLR_mask7
19,11092510,G,A,LDLR_mask7
19,11092526,C,T,LDLR_mask7
19,11092533,C,T,LDLR_mask7
19,11092671,C,T,LDLR_mask7
19,11092753,C,G,LDLR_mask7
19,11092798,G,C,LDLR_mask7
19,11092890,G,A,LDLR_mask7
19,11092895,C,T,LDLR_mask7
19,11092925,A,T,LDLR_mask7
19,11092942,T,A,LDLR_mask7
19,11092958,C,T,LDLR_mask7
19,11092959,G,A,LDLR_mask7
19,11092976,C,T,LDLR_mask7
19,11093267,A,G,LDLR_mask7
19,11093271,G,A,LDLR_mask7
19,11093310,C,T,LDLR_mask7
19,11093383,G,A,LDLR_mask7
19,11093383,G,C,LDLR_mask7
19,11093430,T,G,LDLR_mask7
19,11093461,A,C,LDLR_mask7
19,11093537,G,A,LDLR_mask7
19,11093542,C,A,LDLR_mask7
19,11093559,C,A,LDLR_mask7
19,11093777,C,T,LDLR_mask7
19,11093860,G,A,LDLR_mask7
19,11093930,C,T,LDLR_mask7
19,11093970,T,C,LDLR_mask7
19,11093972,C,T,LDLR_mask7
19,11093989,C,A,LDLR_mask7
19,11094006,G,A,LDLR_mask7
19,11094035,A,G,LDLR_mask7
19,11094680,C,T,LDLR_mask7
19,11094707,G,C,LDLR_mask7
19,11094736,G,A,LDLR_mask7
19,11094776,C,T,LDLR_mask7
19,11094806,C,T,LDLR_mask7
19,11094822,T,A,LDLR_mask7
19,11095078,C,T,LDLR_mask7
19,11095155,C,T,LDLR_mask7
19,11095195,G,C,LDLR_mask7
19,11095218,C,T,LDLR_mask7
19,11095243,A,G,LDLR_mask7
19,11095275,T,C,LDLR_mask7
19,11095286,C,T,LDLR_mask7
19,11095364,C,T,LDLR_mask7
19,11095749,G,A,LDLR_mask7
19,11095769,T,G,LDLR_mask7
19,11095808,A,G,LDLR_mask7
19,11096410,T,A,LDLR_mask7
19,11096444,C,G,LDLR_mask7
19,11096470,G,A,LDLR_mask7
19,11096665,C,T,LDLR_mask7
19,11096669,G,A,LDLR_mask7
19,11096677,C,A,LDLR_mask7
19,11096925,T,C,LDLR_mask7
19,11096927,T,C,LDLR_mask7
19,11097046,C,T,LDLR_mask7
19,11097126,G,C,LDLR_mask7
19,11097155,C,T,LDLR_mask7
19,11097461,T,C,LDLR_mask7
19,11097466,T,C,LDLR_mask7
19,11097486,C,T,LDLR_mask7
19,11097556,C,T,LDLR_mask7
19,11097557,A,G,LDLR_mask7
19,11097621,C,T,LDLR_mask7
19,11097636,A,T,LDLR_mask7
19,11097640,A,C,LDLR_mask7
19,11097694,G,A,LDLR_mask7
19,11097721,C,T,LDLR_mask7
19,11097723,G,A,LDLR_mask7
19,11099600,C,T,LDLR_mask7
19,11100165,C,T,LDLR_mask7
19,11100302,C,T,LDLR_mask7
19,11100303,G,A,LDLR_mask7
19,11100303,G,T,LDLR_mask7
19,11100308,G,C,LDLR_mask7
19,11100320,C,G,LDLR_mask7
19,11100646,A,C,LDLR_mask7
19,11100661,C,A,LDLR_mask7
19,11102740,C,T,LDLR_mask7
19,11102773,C,T,LDLR_mask7
19,11103002,C,T,LDLR_mask7
19,11103022,C,A,LDLR_mask7
19,11103031,G,A,LDLR_mask7
19,11103063,C,T,LDLR_mask7
19,11103083,G,A,LDLR_mask7
19,11103136,G,A,LDLR_mask7
19,11103175,G,A,LDLR_mask7
19,11103185,C,T,LDLR_mask7
19,11103247,C,T,LDLR_mask7
19,11103297,G,A,LDLR_mask7
19,11103320,G,A,LDLR_mask7
19,11087943,C,A,LDLR_mask7
19,11087945,C,A,LDLR_mask7
19,11088039,C,A,LDLR_mask7
19,11088043,G,A,LDLR_mask7
19,11088052,A,C,LDLR_mask7
19,11088061,T,G,LDLR_mask7
19,11088161,C,T,LDLR_mask7
19,11088421,A,T,LDLR_mask7
19,11088520,G,T,LDLR_mask7
19,11088546,C,T,LDLR_mask7
19,11088548,C,T,LDLR_mask7
19,11088559,C,T,LDLR_mask7
19,11088596,G,C,LDLR_mask7
19,11089227,C,G,LDLR_mask7
19,11089396,C,T,LDLR_mask7
19,11089434,T,G,LDLR_mask7
19,11089469,T,C,LDLR_mask7
19,11089495,G,A,LDLR_mask7
19,11089536,A,G,LDLR_mask7
19,11089837,G,C,LDLR_mask7
19,11089865,G,T,LDLR_mask7
19,11089881,G,A,LDLR_mask7
19,11089927,A,G,LDLR_mask7
19,11090094,C,G,LDLR_mask7
19,11090103,T,C,LDLR_mask7
19,11090146,C,T,LDLR_mask7
19,11090162,T,G,LDLR_mask7
19,11090175,C,G,LDLR_mask7
19,11090179,G,A,LDLR_mask7
19,11090220,C,T,LDLR_mask7
19,11090223,C,T,LDLR_mask7
19,11090263,G,A,LDLR_mask7
19,11090327,C,T,LDLR_mask7
19,11090328,G,T,LDLR_mask7
19,11090375,C,G,LDLR_mask7
19,11090379,G,A,LDLR_mask7
19,11090469,A,T,LDLR_mask7
19,11090503,G,A,LDLR_mask7
19,11090518,G,T,LDLR_mask7
19,11090527,G,A,LDLR_mask7
19,11090540,A,C,LDLR_mask7
19,11090543,G,C,LDLR_mask7
19,11090580,T,C,LDLR_mask7
19,11090613,G,T,LDLR_mask7
19,11090629,T,C,LDLR_mask7
19,11090632,C,T,LDLR_mask7
19,11090635,A,G,LDLR_mask7
19,11090637,A,T,LDLR_mask7
19,11090684,C,A,LDLR_mask7
19,11090800,C,T,LDLR_mask7
19,11090827,C,A,LDLR_mask7
19,11090852,C,T,LDLR_mask7
19,11090935,C,G,LDLR_mask7
19,11090937,C,T,LDLR_mask7
19,11091076,C,T,LDLR_mask7
19,11091159,T,C,LDLR_mask7
19,11091195,T,C,LDLR_mask7
19,11091234,T,A,LDLR_mask7
19,11091525,C,G,LDLR_mask7
19,11091554,C,A,LDLR_mask7
19,11091608,C,A,LDLR_mask7
19,11091691,C,T,LDLR_mask7
19,11091710,A,G,LDLR_mask7
19,11091732,G,T,LDLR_mask7
19,11091763,C,T,LDLR_mask7
19,11091770,C,T,LDLR_mask7
19,11091773,G,T,LDLR_mask7
19,11091790,T,A,LDLR_mask7
19,11091810,C,G,LDLR_mask7
19,11091819,T,C,LDLR_mask7
19,11091856,A,G,LDLR_mask7
19,11091876,T,C,LDLR_mask7
19,11091995,G,C,LDLR_mask7
19,11092249,G,T,LDLR_mask7
19,11092327,C,T,LDLR_mask7
19,11092443,T,C,LDLR_mask7
19,11092536,G,T,LDLR_mask7
19,11092678,A,T,LDLR_mask7
19,11092694,C,T,LDLR_mask7
19,11092715,A,C,LDLR_mask7
19,11092718,C,A,LDLR_mask7
19,11092719,G,A,LDLR_mask7
19,11092798,G,A,LDLR_mask7
19,11092838,G,A,LDLR_mask7
19,11092889,C,G,LDLR_mask7
19,11092895,C,G,LDLR_mask7
19,11092912,G,A,LDLR_mask7
19,11092925,A,G,LDLR_mask7
19,11092946,C,T,LDLR_mask7
19,11092984,T,C,LDLR_mask7
19,11092985,C,T,LDLR_mask7
19,11092986,G,A,LDLR_mask7
19,11093270,C,T,LDLR_mask7
19,11093340,T,C,LDLR_mask7
19,11093415,C,A,LDLR_mask7
19,11093506,C,T,LDLR_mask7
19,11093571,T,C,LDLR_mask7
19,11093591,C,A,LDLR_mask7
19,11093591,C,T,LDLR_mask7
19,11093596,C,T,LDLR_mask7
19,11093736,A,G,LDLR_mask7
19,11093771,C,T,LDLR_mask7
19,11093780,T,A,LDLR_mask7
19,11093825,G,A,LDLR_mask7
19,11093851,C,T,LDLR_mask7
19,11093934,C,T,LDLR_mask7
19,11093936,A,G,LDLR_mask7
19,11094001,C,T,LDLR_mask7
19,11094005,C,T,LDLR_mask7
19,11094032,C,T,LDLR_mask7
19,11094724,G,C,LDLR_mask7
19,11094730,C,G,LDLR_mask7
19,11094807,G,A,LDLR_mask7
19,11095109,G,A,LDLR_mask7
19,11095119,G,A,LDLR_mask7
19,11095124,C,T,LDLR_mask7
19,11095125,G,A,LDLR_mask7
19,11095177,T,C,LDLR_mask7
19,11095292,G,A,LDLR_mask7
19,11095402,T,C,LDLR_mask7
19,11095701,C,T,LDLR_mask7
19,11095710,C,T,LDLR_mask7
19,11095753,C,G,LDLR_mask7
19,11095799,G,A,LDLR_mask7
19,11095861,T,C,LDLR_mask7
19,11096402,G,T,LDLR_mask7
19,11096458,C,A,LDLR_mask7
19,11096502,G,A,LDLR_mask7
19,11096531,G,T,LDLR_mask7
19,11096561,A,G,LDLR_mask7
19,11096580,G,T,LDLR_mask7
19,11096600,G,A,LDLR_mask7
19,11096610,T,A,LDLR_mask7
19,11097032,C,T,LDLR_mask7
19,11097074,T,C,LDLR_mask7
19,11097102,G,A,LDLR_mask7
19,11097124,G,A,LDLR_mask7
19,11097212,G,A,LDLR_mask7
19,11097459,C,G,LDLR_mask7
19,11097515,A,G,LDLR_mask7
19,11097594,T,C,LDLR_mask7
19,11097667,C,A,LDLR_mask7
19,11099563,A,G,LDLR_mask7
19,11099588,T,A,LDLR_mask7
19,11100068,T,C,LDLR_mask7
19,11100081,C,T,LDLR_mask7
19,11100116,A,T,LDLR_mask7
19,11100121,A,C,LDLR_mask7
19,11100129,T,A,LDLR_mask7
19,11100187,C,T,LDLR_mask7
19,11100205,C,G,LDLR_mask7
19,11100237,G,A,LDLR_mask7
19,11100340,C,T,LDLR_mask7
19,11100345,T,C,LDLR_mask7
19,11100585,G,A,LDLR_mask7
19,11100595,T,C,LDLR_mask7
19,11100638,G,A,LDLR_mask7
19,11102765,G,A,LDLR_mask7
19,11103024,C,T,LDLR_mask7
19,11103025,T,C,LDLR_mask7
19,11103029,G,A,LDLR_mask7
19,11103076,G,A,LDLR_mask7
19,11103111,C,T,LDLR_mask7
19,11103122,G,A,LDLR_mask7
19,11103163,C,T,LDLR_mask7
19,11103296,C,T,LDLR_mask7
19,11103307,G,A,LDLR_mask7
19,11103332,C,T,LDLR_mask7
19,11103333,G,A,LDLR_mask7
19,11103343,C,G,LDLR_mask7